{
  "camera_matrix": [
    [
      406.86898645231867,
      0.0,
      328.708938106031
    ],
    [
      0.0,
      404.5013836852139,
      231.35390559208983
    ],
    [
      0.0,
      0.0,
      1.0
    ]
  ],
  "dist_coeffs": [
    [
      -9.920884599285647e-07,
      -0.061269474558912844,
      0.0036479251123235665,
      0.0037619267647675024,
      0.04847570968170776
    ]
  ],
  "rms": 0.247199605848561,
  "image_size": [
    640,
    480
  ]
}